Priority,Action Item,Details,Target Date,Status,Owner
Critical,Appeal Transaction 7364322,"268,993 SAR - CNHI",Within 7 days,Pending,Claims Team
Critical,Appeal Transaction 7295759,"233,028 SAR - CNHI",Within 7 days,Pending,Claims Team
Critical,Appeal Transaction 7247761,"224,745 SAR - CNHI",Within 7 days,Pending,Claims Team
Critical,Appeal Transaction 7277202,"203,900 SAR - CNHI",Within 7 days,Pending,Claims Team
Critical,Appeal Transaction 7273291,"203,900 SAR - CNHI",Within 7 days,Pending,Claims Team
Critical,Appeal Transaction 7271871,"203,900 SAR - CNHI",Within 7 days,Pending,Claims Team
Critical,Appeal Transaction 7271324,"203,900 SAR - CNHI",Within 7 days,Pending,Claims Team
Critical,Appeal Transaction 7271298,"203,900 SAR - CNHI",Within 7 days,Pending,Claims Team
Critical,Appeal Transaction 7271279,"203,900 SAR - CNHI",Within 7 days,Pending,Claims Team
Critical,Appeal Transaction 7271014,"203,900 SAR - CNHI",Within 7 days,Pending,Claims Team
Critical,Appeal Transaction 7270920,"203,900 SAR - CNHI",Within 7 days,Pending,Claims Team
Critical,Appeal Transaction 7270870,"203,900 SAR - CNHI",Within 7 days,Pending,Claims Team
Critical,Appeal Transaction 7270823,"203,900 SAR - CNHI",Within 7 days,Pending,Claims Team
Critical,Appeal Transaction 7270758,"203,900 SAR - CNHI",Within 7 days,Pending,Claims Team
Critical,Appeal Transaction 7270329,"203,900 SAR - CNHI",Within 7 days,Pending,Claims Team
Critical,Appeal Transaction 7270100,"203,900 SAR - CNHI",Within 7 days,Pending,Claims Team
Critical,Appeal Transaction 7269848,"203,900 SAR - CNHI",Within 7 days,Pending,Claims Team
Critical,Appeal Transaction 7269723,"203,900 SAR - CNHI",Within 7 days,Pending,Claims Team
Critical,Appeal Transaction 7254291,"203,900 SAR - CNHI",Within 7 days,Pending,Claims Team
Critical,Appeal Transaction 7253504,"203,900 SAR - CNHI",Within 7 days,Pending,Claims Team
High,Schedule meeting with Bupa Arabia for Cooperative Insurance,1204 rejections - discuss patterns,Within 14 days,Pending,Management
High,Schedule meeting with The Cooperative Company for Cooperative Insurance (Tawuniya),425 rejections - discuss patterns,Within 14 days,Pending,Management
High,Schedule meeting with The Mediterranean and Gulf Cooperative Insurance and Reinsurance Company (MedGulf),377 rejections - discuss patterns,Within 14 days,Pending,Management
High,Schedule meeting with Gulf Union Cooperative Insurance Company,183 rejections - discuss patterns,Within 14 days,Pending,Management
High,Schedule meeting with Al-Rajhi Company for Cooperative Insurance,124 rejections - discuss patterns,Within 14 days,Pending,Management
Medium,Implement daily rejection monitoring,Dashboard for real-time tracking,Within 30 days,Pending,IT Team
Medium,Create insurer-specific guidelines,Reduce common rejection patterns,Within 30 days,Pending,Operations
Low,Staff training on rejection patterns,Improve submission quality,Within 60 days,Pending,Training Team
