CLAIMS RECOVERY ACTION PLAN,,,,,
"Generated: October 12, 2025",,,,,
,,,,,
Priority,Action Item,Description,Target Date,Owner,Status
CRITICAL,Appeal Transaction 7364322,"268,993 SAR rejection from CNHI",Within 7 days,Claims Manager,PENDING
CRITICAL,Appeal Transaction 7295759,"233,028 SAR rejection from CNHI",Within 7 days,Claims Manager,PENDING
CRITICAL,Appeal Transaction 7247761,"224,745 SAR rejection from CNHI",Within 7 days,Claims Manager,PENDING
CRITICAL,Appeal Transaction 7277202,"203,900 SAR rejection from CNHI",Within 7 days,Claims Manager,PENDING
CRITICAL,Appeal Transaction 7273291,"203,900 SAR rejection from CNHI",Within 7 days,Claims Manager,PENDING
CRITICAL,Appeal Transaction 7271871,"203,900 SAR rejection from CNHI",Within 7 days,Claims Manager,PENDING
CRITICAL,Appeal Transaction 7271324,"203,900 SAR rejection from CNHI",Within 7 days,Claims Manager,PENDING
CRITICAL,Appeal Transaction 7271298,"203,900 SAR rejection from CNHI",Within 7 days,Claims Manager,PENDING
CRITICAL,Appeal Transaction 7271279,"203,900 SAR rejection from CNHI",Within 7 days,Claims Manager,PENDING
CRITICAL,Appeal Transaction 7271014,"203,900 SAR rejection from CNHI",Within 7 days,Claims Manager,PENDING
HIGH,Meet with Bupa Arabia,Address high rejection rate (24.7%),Within 14 days,Senior Management,PENDING
HIGH,Meet with AL Jazira Takaful,Address critical rejection rate (52.9%),Within 14 days,Senior Management,PENDING
MEDIUM,Implement daily monitoring,Real-time rejection tracking dashboard,Within 30 days,IT Team,PENDING
MEDIUM,Staff training program,Reduce common rejection patterns,Within 45 days,Training Team,PENDING
LOW,Process automation,Automated pre-submission validation,Within 90 days,IT Team,PENDING
